-- MySQL dump 10.14  Distrib 5.5.47-MariaDB, for Linux (x86_64)
--
-- Host: localhost    Database: timer
-- ------------------------------------------------------
-- Server version	5.5.47-MariaDB

/*!40101 SET @OLD_CHARACTER_SET_CLIENT=@@CHARACTER_SET_CLIENT */;
/*!40101 SET @OLD_CHARACTER_SET_RESULTS=@@CHARACTER_SET_RESULTS */;
/*!40101 SET @OLD_COLLATION_CONNECTION=@@COLLATION_CONNECTION */;
/*!40101 SET NAMES utf8 */;
/*!40103 SET @OLD_TIME_ZONE=@@TIME_ZONE */;
/*!40103 SET TIME_ZONE='+00:00' */;
/*!40014 SET @OLD_UNIQUE_CHECKS=@@UNIQUE_CHECKS, UNIQUE_CHECKS=0 */;
/*!40014 SET @OLD_FOREIGN_KEY_CHECKS=@@FOREIGN_KEY_CHECKS, FOREIGN_KEY_CHECKS=0 */;
/*!40101 SET @OLD_SQL_MODE=@@SQL_MODE, SQL_MODE='NO_AUTO_VALUE_ON_ZERO' */;
/*!40111 SET @OLD_SQL_NOTES=@@SQL_NOTES, SQL_NOTES=0 */;

--
-- Table structure for table `groups`
--

DROP TABLE IF EXISTS `groups`;
/*!40101 SET @saved_cs_client     = @@character_set_client */;
/*!40101 SET character_set_client = utf8 */;
CREATE TABLE `groups` (
  `id` int(10) unsigned NOT NULL AUTO_INCREMENT,
  `title` varchar(255) COLLATE utf8_unicode_ci NOT NULL,
  `description` text COLLATE utf8_unicode_ci,
  `moderator_id` int(10) unsigned NOT NULL,
  `created_at` timestamp NULL DEFAULT NULL,
  `updated_at` timestamp NULL DEFAULT NULL,
  PRIMARY KEY (`id`)
) ENGINE=InnoDB AUTO_INCREMENT=4 DEFAULT CHARSET=utf8 COLLATE=utf8_unicode_ci;
/*!40101 SET character_set_client = @saved_cs_client */;

--
-- Dumping data for table `groups`
--

LOCK TABLES `groups` WRITE;
/*!40000 ALTER TABLE `groups` DISABLE KEYS */;
INSERT INTO `groups` VALUES (1,'!SKRA','Description of our Company ',6,'2016-06-16 06:49:32','2016-06-16 12:37:05'),(2,'PHPLabs','IT Development',3,'2016-06-16 12:22:41','2016-07-12 02:51:28'),(3,'WhiteOwl','white owl group',8,'2016-07-12 02:50:18','2016-07-13 23:41:14');
/*!40000 ALTER TABLE `groups` ENABLE KEYS */;
UNLOCK TABLES;

--
-- Table structure for table `migrations`
--

DROP TABLE IF EXISTS `migrations`;
/*!40101 SET @saved_cs_client     = @@character_set_client */;
/*!40101 SET character_set_client = utf8 */;
CREATE TABLE `migrations` (
  `migration` varchar(255) COLLATE utf8_unicode_ci NOT NULL,
  `batch` int(11) NOT NULL
) ENGINE=InnoDB DEFAULT CHARSET=utf8 COLLATE=utf8_unicode_ci;
/*!40101 SET character_set_client = @saved_cs_client */;

--
-- Dumping data for table `migrations`
--

LOCK TABLES `migrations` WRITE;
/*!40000 ALTER TABLE `migrations` DISABLE KEYS */;
INSERT INTO `migrations` VALUES ('2014_10_12_000000_create_users_table',1),('2014_10_12_100000_create_password_resets_table',1),('2016_05_20_114201_create_times_table',1),('2016_05_21_153640_extend_times_table',1),('2016_05_25_143916_create_user_groups_table',1),('2016_06_21_150303_extend_times_table_ip',2);
/*!40000 ALTER TABLE `migrations` ENABLE KEYS */;
UNLOCK TABLES;

--
-- Table structure for table `password_resets`
--

DROP TABLE IF EXISTS `password_resets`;
/*!40101 SET @saved_cs_client     = @@character_set_client */;
/*!40101 SET character_set_client = utf8 */;
CREATE TABLE `password_resets` (
  `email` varchar(255) COLLATE utf8_unicode_ci NOT NULL,
  `token` varchar(255) COLLATE utf8_unicode_ci NOT NULL,
  `created_at` timestamp NOT NULL DEFAULT CURRENT_TIMESTAMP ON UPDATE CURRENT_TIMESTAMP,
  KEY `password_resets_email_index` (`email`),
  KEY `password_resets_token_index` (`token`)
) ENGINE=InnoDB DEFAULT CHARSET=utf8 COLLATE=utf8_unicode_ci;
/*!40101 SET character_set_client = @saved_cs_client */;

--
-- Dumping data for table `password_resets`
--

LOCK TABLES `password_resets` WRITE;
/*!40000 ALTER TABLE `password_resets` DISABLE KEYS */;
/*!40000 ALTER TABLE `password_resets` ENABLE KEYS */;
UNLOCK TABLES;

--
-- Table structure for table `times`
--

DROP TABLE IF EXISTS `times`;
/*!40101 SET @saved_cs_client     = @@character_set_client */;
/*!40101 SET character_set_client = utf8 */;
CREATE TABLE `times` (
  `id` int(10) unsigned NOT NULL AUTO_INCREMENT,
  `start` datetime DEFAULT NULL,
  `end` datetime DEFAULT NULL,
  `user_id` int(10) unsigned NOT NULL,
  `is_strike` tinyint(1) NOT NULL DEFAULT '0',
  `comment` varchar(255) COLLATE utf8_unicode_ci DEFAULT NULL,
  `created_at` timestamp NULL DEFAULT NULL,
  `updated_at` timestamp NULL DEFAULT NULL,
  `start_location` varchar(264) COLLATE utf8_unicode_ci NOT NULL,
  `end_location` varchar(264) COLLATE utf8_unicode_ci NOT NULL,
  `start_ip` varchar(264) COLLATE utf8_unicode_ci NOT NULL,
  `end_ip` varchar(264) COLLATE utf8_unicode_ci NOT NULL,
  PRIMARY KEY (`id`)
) ENGINE=InnoDB AUTO_INCREMENT=266 DEFAULT CHARSET=utf8 COLLATE=utf8_unicode_ci;
/*!40101 SET character_set_client = @saved_cs_client */;

--
-- Dumping data for table `times`
--

LOCK TABLES `times` WRITE;
/*!40000 ALTER TABLE `times` DISABLE KEYS */;
INSERT INTO `times` VALUES (1,'2016-06-16 15:20:42','2016-06-16 15:35:19',1,0,'stopLocation','2016-06-16 12:20:42','2016-06-16 12:35:19','{\"latitude\":50.464216799999996,\"longitude\":30.5058856,\"accuracy\":1027}','{}','',''),(2,'2016-06-16 15:35:38','2016-06-16 15:35:44',1,0,'mytime','2016-06-16 12:35:38','2016-06-16 12:35:44','{}','{}','',''),(3,'2016-06-16 15:35:45','2016-06-16 15:47:43',2,0,NULL,'2016-06-16 12:35:45','2016-06-16 12:47:43','{}','{}','',''),(4,'2016-06-16 15:35:49','2016-06-16 15:55:00',4,0,'init','2016-06-16 12:35:49','2016-06-16 12:55:00','{}','{}','',''),(5,'2016-06-16 15:36:10','2016-06-16 16:07:26',3,0,NULL,'2016-06-16 12:36:10','2016-06-16 13:07:26','{}','{}','',''),(6,'2016-06-16 15:36:23','2016-06-16 15:37:46',5,0,NULL,'2016-06-16 12:36:23','2016-06-16 12:37:46','{}','{}','',''),(7,'2016-06-16 15:37:24','2016-06-16 17:54:20',6,0,NULL,'2016-06-16 12:37:24','2016-06-16 14:54:20','{}','{\"latitude\":50.4612671,\"longitude\":30.509182300000003,\"accuracy\":24}','',''),(8,'2016-06-16 15:37:48','2016-06-16 16:17:58',5,0,NULL,'2016-06-16 12:37:48','2016-06-16 13:17:58','{}','{}','',''),(9,'2016-06-16 15:38:54','2016-06-16 16:07:35',1,0,'Фиксики по таймеру','2016-06-16 12:38:54','2016-06-16 13:07:35','{\"latitude\":50.464216799999996,\"longitude\":30.5058856,\"accuracy\":1027}','{\"latitude\":50.464216799999996,\"longitude\":30.5058856,\"accuracy\":1027}','',''),(10,'2016-06-16 15:47:46','2016-06-16 16:04:26',2,0,NULL,'2016-06-16 12:47:46','2016-06-16 13:04:26','{}','{}','',''),(11,'2016-06-16 16:00:42','2016-06-16 16:06:40',4,1,'init','2016-06-16 13:00:42','2016-06-16 13:06:40','{}','{}','',''),(12,'2016-06-16 16:10:16','2016-06-16 16:52:33',3,0,NULL,'2016-06-16 13:10:16','2016-06-16 13:52:33','{}','{}','',''),(13,'2016-06-16 16:17:43','2016-06-16 16:50:04',1,1,'КОФЕБЛЯДЬ!!!!','2016-06-16 13:17:43','2016-06-16 13:50:04','{\"latitude\":50.464216799999996,\"longitude\":30.5058856,\"accuracy\":1027}','{\"latitude\":50.464216799999996,\"longitude\":30.5058856,\"accuracy\":1027}','',''),(14,'2016-06-16 16:17:43','2016-06-16 16:25:32',4,0,NULL,'2016-06-16 13:17:43','2016-06-16 13:25:32','{}','{}','',''),(15,'2016-06-16 16:17:59','2016-06-16 16:18:00',5,0,NULL,'2016-06-16 13:17:59','2016-06-16 13:18:00','{}','{}','',''),(16,'2016-06-16 16:18:01','2016-06-16 16:18:02',5,0,NULL,'2016-06-16 13:18:01','2016-06-16 13:18:02','{}','{}','',''),(17,'2016-06-16 16:18:04','2016-06-16 16:18:07',5,0,NULL,'2016-06-16 13:18:04','2016-06-16 13:18:07','{}','{}','',''),(18,'2016-06-16 16:18:26','2016-06-17 12:52:57',5,1,NULL,'2016-06-16 13:18:26','2016-06-17 09:52:57','{}','0','',''),(19,'2016-06-16 16:22:53','2016-06-16 16:23:05',2,0,NULL,'2016-06-16 13:22:53','2016-06-16 13:23:05','{}','{}','',''),(20,'2016-06-16 16:23:42','2016-06-16 19:29:17',2,0,NULL,'2016-06-16 13:23:42','2016-06-16 16:29:17','{}','{\"latitude\":50.4613361,\"longitude\":30.5091915,\"accuracy\":26}','',''),(21,'2016-06-16 16:25:35','2016-06-16 17:36:25',4,0,NULL,'2016-06-16 13:25:35','2016-06-16 14:36:25','{}','{}','',''),(22,'2016-06-16 16:50:06','2016-06-16 17:51:42',1,0,'https Server Setup','2016-06-16 13:50:06','2016-06-16 14:51:42','{\"latitude\":50.464216799999996,\"longitude\":30.5058856,\"accuracy\":1027}','{\"latitude\":50.464216799999996,\"longitude\":30.5058856,\"accuracy\":1027}','',''),(23,'2016-06-16 17:03:31','2016-06-16 18:17:28',3,0,NULL,'2016-06-16 14:03:31','2016-06-16 15:17:28','{}','{\"latitude\":50.461377399999996,\"longitude\":30.509427599999995,\"accuracy\":31}','',''),(24,'2016-06-16 17:36:26','2016-06-16 17:48:24',4,0,NULL,'2016-06-16 14:36:26','2016-06-16 14:48:24','{}','{}','',''),(25,'2016-06-16 17:48:25','2016-06-16 18:11:37',4,0,NULL,'2016-06-16 14:48:25','2016-06-16 15:11:37','{}','{}','',''),(26,'2016-06-16 17:51:54','2016-06-16 17:52:00',1,0,'Check Location Chrome','2016-06-16 14:51:54','2016-06-16 14:52:00','{\"latitude\":50.464216799999996,\"longitude\":30.5058856,\"accuracy\":1027}','{\"latitude\":50.464216799999996,\"longitude\":30.5058856,\"accuracy\":1027}','',''),(27,'2016-06-16 17:52:18','2016-06-16 19:29:04',1,0,'Biggle Tags Factory','2016-06-16 14:52:18','2016-06-16 16:29:04','{\"latitude\":50.464216799999996,\"longitude\":30.5058856,\"accuracy\":1027}','{\"latitude\":50.464216799999996,\"longitude\":30.5058856,\"accuracy\":1027}','',''),(28,'2016-06-16 17:54:24','2016-06-16 17:54:29',6,0,NULL,'2016-06-16 14:54:24','2016-06-16 14:54:29','{\"latitude\":50.4612671,\"longitude\":30.509182300000003,\"accuracy\":24}','{\"latitude\":50.4612671,\"longitude\":30.509182300000003,\"accuracy\":24}','',''),(29,'2016-06-16 17:54:31','2016-06-16 18:02:07',6,0,NULL,'2016-06-16 14:54:31','2016-06-16 15:02:07','{\"latitude\":50.4612671,\"longitude\":30.509182300000003,\"accuracy\":24}','{\"latitude\":50.461381800000005,\"longitude\":30.509183699999998,\"accuracy\":20}','',''),(30,'2016-06-16 18:02:39','2016-06-16 18:02:43',6,0,NULL,'2016-06-16 15:02:39','2016-06-16 15:02:43','{\"latitude\":50.4613119,\"longitude\":30.5091951,\"accuracy\":24}','{\"latitude\":50.4613119,\"longitude\":30.5091951,\"accuracy\":24}','',''),(31,'2016-06-16 18:11:39','2016-06-16 19:21:53',4,1,NULL,'2016-06-16 15:11:39','2016-06-16 16:21:53','{}','{}','',''),(32,'2016-06-16 18:29:29','2016-06-16 18:47:56',3,0,NULL,'2016-06-16 15:29:29','2016-06-16 15:47:56','{\"latitude\":50.461377399999996,\"longitude\":30.509427599999995,\"accuracy\":31}','{\"latitude\":50.461377399999996,\"longitude\":30.509427599999995,\"accuracy\":31}','',''),(33,'2016-06-16 19:30:11','2016-06-16 23:27:15',1,0,'testLocation','2016-06-16 16:30:11','2016-06-16 20:27:15','{\"latitude\":50.464216799999996,\"longitude\":30.5058856,\"accuracy\":1027}','{\"latitude\":50.51534170000001,\"longitude\":30.503281500000003,\"accuracy\":45}','',''),(34,'2016-06-16 21:32:38','2016-06-16 21:32:47',2,0,NULL,'2016-06-16 18:32:38','2016-06-16 18:32:47','{\"latitude\":50.4666509,\"longitude\":30.5236198,\"accuracy\":23.08300018310547}','{\"latitude\":50.4661594,\"longitude\":30.5237386,\"accuracy\":17}','',''),(35,'2016-06-17 09:58:09','2016-06-17 10:51:52',1,0,'Дорога','2016-06-17 06:58:09','2016-06-17 07:51:52','{\"latitude\":50.5153551,\"longitude\":30.503276699999997,\"accuracy\":118}','{\"latitude\":50.464216799999996,\"longitude\":30.5058856,\"accuracy\":1027}','',''),(36,'2016-06-17 10:12:14','2016-06-17 10:12:37',4,0,NULL,'2016-06-17 07:12:14','2016-06-17 07:12:37','{}','{}','',''),(37,'2016-06-17 10:13:07','2016-06-17 16:43:50',6,0,NULL,'2016-06-17 07:13:07','2016-06-17 13:43:50','{\"latitude\":50.4613303,\"longitude\":30.509180500000003,\"accuracy\":24}','{\"latitude\":50.4612675,\"longitude\":30.5093253,\"accuracy\":24}','',''),(38,'2016-06-17 10:45:54','2016-06-17 10:49:18',2,0,NULL,'2016-06-17 07:45:54','2016-06-17 07:49:18','{}','{\"latitude\":50.461268499999996,\"longitude\":30.509174800000004,\"accuracy\":23}','',''),(39,'2016-06-17 10:51:54','2016-06-17 16:42:46',1,0,'Biggle Architecture','2016-06-17 07:51:54','2016-06-17 13:42:46','{\"latitude\":50.464216799999996,\"longitude\":30.5058856,\"accuracy\":1027}','{\"latitude\":50.464216799999996,\"longitude\":30.5058856,\"accuracy\":1027}','',''),(40,'2016-06-17 10:52:25','2016-06-17 11:59:53',4,0,NULL,'2016-06-17 07:52:25','2016-06-17 08:59:53','{}','{}','',''),(41,'2016-06-17 11:01:47','2016-06-17 12:07:57',3,0,NULL,'2016-06-17 08:01:47','2016-06-17 09:07:57','{}','{}','',''),(42,'2016-06-17 11:08:28','2016-06-17 12:54:57',2,0,NULL,'2016-06-17 08:08:28','2016-06-17 09:54:57','{\"latitude\":50.4613212,\"longitude\":30.509279600000003,\"accuracy\":22}','0','',''),(43,'2016-06-17 12:11:32','2016-06-17 12:46:36',3,0,NULL,'2016-06-17 09:11:32','2016-06-17 09:46:36','{}','{}','',''),(44,'2016-06-17 12:53:50','2016-06-17 13:02:57',3,0,NULL,'2016-06-17 09:53:50','2016-06-17 10:02:57','0','{}','',''),(45,'2016-06-17 12:54:58','2016-06-17 16:43:57',2,0,NULL,'2016-06-17 09:54:58','2016-06-17 13:43:57','0','{\"latitude\":50.461338000000005,\"longitude\":30.509214499999995,\"accuracy\":25}','',''),(46,'2016-06-17 13:39:37','2016-06-17 17:06:46',5,1,NULL,'2016-06-17 10:39:37','2016-06-17 14:06:46','{\"latitude\":50.464216799999996,\"longitude\":30.5058856,\"accuracy\":1027}','{\"latitude\":50.464216799999996,\"longitude\":30.5058856,\"accuracy\":1027}','',''),(47,'2016-06-17 13:53:51','2016-06-17 15:29:36',3,0,NULL,'2016-06-17 10:53:51','2016-06-17 12:29:36','{}','{}','',''),(48,'2016-06-17 14:21:56','2016-06-17 15:37:23',4,0,NULL,'2016-06-17 11:21:56','2016-06-17 12:37:23','{}','{}','',''),(49,'2016-06-17 15:37:24','2016-06-17 16:44:06',4,0,NULL,'2016-06-17 12:37:24','2016-06-17 13:44:06','{}','{}','',''),(50,'2016-06-17 15:51:28','2016-06-17 19:03:37',3,0,NULL,'2016-06-17 12:51:28','2016-06-17 16:03:37','{}','{}','',''),(51,'2016-06-17 16:53:56','2016-06-17 19:08:36',1,0,'Biggle Research','2016-06-17 13:53:56','2016-06-17 16:08:36','{\"latitude\":50.464216799999996,\"longitude\":30.5058856,\"accuracy\":1027}','{\"latitude\":50.464216799999996,\"longitude\":30.5058856,\"accuracy\":1027}','',''),(52,'2016-06-17 17:02:24','2016-06-17 18:33:34',2,0,NULL,'2016-06-17 14:02:24','2016-06-17 15:33:34','{\"latitude\":50.461344399999994,\"longitude\":30.5092365,\"accuracy\":25}','{\"latitude\":50.461328599999995,\"longitude\":30.509210099999994,\"accuracy\":25}','',''),(53,'2016-06-17 17:02:34','2016-06-17 18:33:27',4,0,NULL,'2016-06-17 14:02:34','2016-06-17 15:33:27','{}','{}','',''),(54,'2016-06-17 17:02:39','2016-06-17 18:59:46',6,0,NULL,'2016-06-17 14:02:39','2016-06-17 15:59:46','{\"latitude\":50.461356699999996,\"longitude\":30.5091812,\"accuracy\":28}','{\"latitude\":50.4613328,\"longitude\":30.509260100000002,\"accuracy\":26}','',''),(55,'2016-06-17 17:06:47','2016-06-17 18:27:11',5,1,NULL,'2016-06-17 14:06:47','2016-06-17 15:27:11','{\"latitude\":50.464216799999996,\"longitude\":30.5058856,\"accuracy\":1027}','0','',''),(56,'2016-06-17 18:33:28','2016-06-17 19:00:06',4,0,NULL,'2016-06-17 15:33:28','2016-06-17 16:00:06','{}','{}','',''),(57,'2016-06-17 18:33:46','2016-06-17 19:08:06',2,0,NULL,'2016-06-17 15:33:46','2016-06-17 16:08:06','{\"latitude\":50.461328599999995,\"longitude\":30.509210099999994,\"accuracy\":25}','{\"latitude\":50.4612988,\"longitude\":30.5091614,\"accuracy\":25}','',''),(58,'2016-06-21 10:24:02','2016-06-21 15:08:19',6,0,NULL,'2016-06-21 07:24:02','2016-06-21 12:08:19','{\"latitude\":50.4613288,\"longitude\":30.509229899999998,\"accuracy\":33}','{\"latitude\":50.461312299999996,\"longitude\":30.5091992,\"accuracy\":24}','','92.60.189.169'),(59,'2016-06-21 10:34:47','2016-06-21 14:02:11',3,0,NULL,'2016-06-21 07:34:47','2016-06-21 11:02:11','{}','{}','',''),(60,'2016-06-21 12:00:30','2016-06-21 15:08:39',2,0,NULL,'2016-06-21 09:00:30','2016-06-21 12:08:39','{\"latitude\":50.461380299999995,\"longitude\":30.509204699999998,\"accuracy\":20}','{\"latitude\":50.4613332,\"longitude\":30.5091792,\"accuracy\":26}','','92.60.189.169'),(61,'2016-06-21 12:33:30','2016-06-21 15:09:13',5,1,NULL,'2016-06-21 09:33:30','2016-06-21 12:09:13','0','{\"latitude\":50.464216799999996,\"longitude\":30.5058856,\"accuracy\":1027}','','92.60.189.169'),(62,'2016-06-21 13:47:59','2016-06-21 15:07:06',1,0,'ipTimeInfo','2016-06-21 10:47:59','2016-06-21 12:07:06','{\"latitude\":50.464216799999996,\"longitude\":30.5058856,\"accuracy\":1027}','{\"latitude\":50.464216799999996,\"longitude\":30.5058856,\"accuracy\":1027}','','92.60.189.169'),(63,'2016-06-21 15:07:19','2016-06-21 19:38:28',1,0,NULL,'2016-06-21 12:07:19','2016-06-21 16:38:28','{\"latitude\":50.464216799999996,\"longitude\":30.5058856,\"accuracy\":1027}','{}','92.60.189.169','37.73.219.48'),(64,'2016-06-21 15:08:21','2016-06-21 18:50:53',6,0,NULL,'2016-06-21 12:08:21','2016-06-21 15:50:53','{\"latitude\":50.461312299999996,\"longitude\":30.5091992,\"accuracy\":24}','{\"latitude\":50.4613207,\"longitude\":30.509188099999996,\"accuracy\":26}','92.60.189.169','92.60.189.169'),(65,'2016-06-21 15:08:40','2016-06-21 18:58:44',2,0,NULL,'2016-06-21 12:08:40','2016-06-21 15:58:44','{\"latitude\":50.4613332,\"longitude\":30.5091792,\"accuracy\":26}','{\"latitude\":50.4613313,\"longitude\":30.509217,\"accuracy\":25}','92.60.189.169','92.60.189.169'),(66,'2016-06-21 15:09:15','2016-06-21 15:10:13',5,0,'fuck fuck fuck !!! fuuuuuck','2016-06-21 12:09:15','2016-06-21 12:10:13','{\"latitude\":50.464216799999996,\"longitude\":30.5058856,\"accuracy\":1027}','{\"latitude\":50.464216799999996,\"longitude\":30.5058856,\"accuracy\":1027}','92.60.189.169','92.60.189.169'),(67,'2016-06-21 15:11:09','2016-06-21 18:39:34',5,0,NULL,'2016-06-21 12:11:09','2016-06-21 15:39:34','{\"latitude\":50.464216799999996,\"longitude\":30.5058856,\"accuracy\":1027}','{\"latitude\":50.464216799999996,\"longitude\":30.5058856,\"accuracy\":1027}','92.60.189.169','92.60.189.169'),(68,'2016-06-21 15:19:31','2016-06-21 19:21:17',3,0,NULL,'2016-06-21 12:19:31','2016-06-21 16:21:17','{}','{}','92.60.189.169','92.60.189.169'),(69,'2016-06-21 18:58:56','2016-06-21 19:40:54',2,0,NULL,'2016-06-21 15:58:56','2016-06-21 16:40:54','{\"latitude\":50.4613313,\"longitude\":30.509217,\"accuracy\":25}','0','92.60.189.169','37.73.219.29'),(70,'2016-06-21 19:04:53','2016-06-21 19:05:14',6,0,NULL,'2016-06-21 16:04:53','2016-06-21 16:05:14','{\"latitude\":50.461303799999996,\"longitude\":30.509208799999996,\"accuracy\":31}','{\"latitude\":50.461303799999996,\"longitude\":30.509208799999996,\"accuracy\":31}','92.60.189.169','92.60.189.169'),(71,'2016-06-21 23:29:19','2016-06-21 23:41:58',1,1,'testDiffLocation','2016-06-21 20:29:19','2016-06-21 20:41:58','{\"latitude\":50.515269499999995,\"longitude\":30.503328900000003,\"accuracy\":44}','{\"latitude\":50.5153206,\"longitude\":30.503176500000002,\"accuracy\":125}','82.193.98.216','82.193.98.216'),(72,'2016-06-21 23:49:42','2016-06-22 00:46:34',1,0,'testCrossDayTime','2016-06-21 20:49:42','2016-06-21 21:46:34','{\"latitude\":50.51529670000001,\"longitude\":30.503239699999998,\"accuracy\":38}','{\"latitude\":50.5152567,\"longitude\":30.503434600000002,\"accuracy\":51}','82.193.98.216','82.193.98.216'),(73,'2016-06-22 09:49:57','2016-06-22 18:22:07',5,0,NULL,'2016-06-22 06:49:57','2016-06-22 15:22:07','{\"latitude\":50.464216799999996,\"longitude\":30.5058856,\"accuracy\":1027}','0','92.60.189.169','92.60.189.169'),(74,'2016-06-22 09:59:28','2016-06-22 18:09:44',6,0,NULL,'2016-06-22 06:59:28','2016-06-22 15:09:44','{\"latitude\":50.4612943,\"longitude\":30.509172500000002,\"accuracy\":31}','{\"latitude\":50.4613051,\"longitude\":30.509156200000003,\"accuracy\":26}','92.60.189.169','92.60.189.169'),(75,'2016-06-22 10:13:31','2016-06-22 19:16:47',3,0,NULL,'2016-06-22 07:13:31','2016-06-22 16:16:47','{}','0','92.60.189.169','92.60.189.169'),(76,'2016-06-22 10:29:55','2016-06-22 12:09:13',4,0,NULL,'2016-06-22 07:29:55','2016-06-22 09:09:13','{}','{}','92.60.189.169','92.60.189.169'),(77,'2016-06-22 10:54:33','2016-06-22 13:39:59',2,0,NULL,'2016-06-22 07:54:33','2016-06-22 10:39:59','{\"latitude\":50.4613101,\"longitude\":30.509245000000004,\"accuracy\":22}','{\"latitude\":50.4613124,\"longitude\":30.5091474,\"accuracy\":26}','92.60.189.169','92.60.189.169'),(78,'2016-06-22 11:24:41','2016-06-22 13:45:25',1,0,'B forms','2016-06-22 08:24:41','2016-06-22 10:45:25','{\"latitude\":50.464216799999996,\"longitude\":30.5058856,\"accuracy\":1027}','{\"latitude\":50.464216799999996,\"longitude\":30.5058856,\"accuracy\":1027}','92.60.189.169','92.60.189.169'),(79,'2016-06-22 12:09:14','2016-06-22 13:57:59',4,1,NULL,'2016-06-22 09:09:14','2016-06-22 10:57:59','{}','{}','92.60.189.169','92.60.189.169'),(80,'2016-06-22 13:46:47','2016-06-22 13:49:41',1,0,'testLocation','2016-06-22 10:46:47','2016-06-22 10:49:41','{\"latitude\":50.464216799999996,\"longitude\":30.5058856,\"accuracy\":1027}','{\"latitude\":50.464216799999996,\"longitude\":30.5058856,\"accuracy\":1027}','92.60.189.169','92.60.189.169'),(81,'2016-06-22 14:08:22','2016-06-22 16:10:57',1,0,'UX Elements','2016-06-22 11:08:22','2016-06-22 13:10:57','{\"latitude\":50.464216799999996,\"longitude\":30.5058856,\"accuracy\":1027}','{\"latitude\":50.464216799999996,\"longitude\":30.5058856,\"accuracy\":1027}','92.60.189.169','92.60.189.169'),(82,'2016-06-22 14:12:30','2016-06-22 18:50:50',2,0,NULL,'2016-06-22 11:12:30','2016-06-22 15:50:50','{\"latitude\":50.461342699999996,\"longitude\":30.5092128,\"accuracy\":20}','{\"latitude\":50.461350499999995,\"longitude\":30.509207999999997,\"accuracy\":20}','92.60.189.169','92.60.189.169'),(83,'2016-06-22 14:17:16','2016-06-22 15:51:24',4,0,NULL,'2016-06-22 11:17:16','2016-06-22 12:51:24','{}','{}','92.60.189.169','92.60.189.169'),(84,'2016-06-22 15:51:25','2016-06-22 15:51:31',4,0,NULL,'2016-06-22 12:51:25','2016-06-22 12:51:31','{}','{}','92.60.189.169','92.60.189.169'),(85,'2016-06-22 15:51:33','2016-06-22 15:59:01',4,0,NULL,'2016-06-22 12:51:33','2016-06-22 12:59:01','{}','{}','92.60.189.169','92.60.189.169'),(86,'2016-06-22 15:59:01','2016-06-22 18:21:56',4,0,NULL,'2016-06-22 12:59:01','2016-06-22 15:21:56','{}','{}','92.60.189.169','92.60.189.169'),(87,'2016-06-22 16:26:17','2016-06-22 18:18:17',1,0,'B Meetup','2016-06-22 13:26:17','2016-06-22 15:18:17','{\"latitude\":50.464216799999996,\"longitude\":30.5058856,\"accuracy\":1027}','{\"latitude\":50.464216799999996,\"longitude\":30.5058856,\"accuracy\":1027}','92.60.189.169','92.60.189.169'),(88,'2016-06-22 18:18:40','2016-06-22 18:18:51',1,0,'testChromeLocation','2016-06-22 15:18:40','2016-06-22 15:18:51','{\"latitude\":50.464216799999996,\"longitude\":30.5058856,\"accuracy\":1027}','{\"latitude\":50.464216799999996,\"longitude\":30.5058856,\"accuracy\":1027}','92.60.189.169','92.60.189.169'),(89,'2016-06-22 18:19:21','2016-06-22 19:37:07',1,0,'Form Directives','2016-06-22 15:19:21','2016-06-22 16:37:07','{}','{\"latitude\":50.464216799999996,\"longitude\":30.5058856,\"accuracy\":1027}','92.60.189.169','92.60.189.169'),(90,'2016-06-22 18:21:57','2016-06-22 19:12:24',4,0,NULL,'2016-06-22 15:21:57','2016-06-22 16:12:24','{}','{}','92.60.189.169','92.60.189.169'),(91,'2016-06-22 18:51:09','2016-06-22 19:18:24',2,0,NULL,'2016-06-22 15:51:09','2016-06-22 16:18:24','{\"latitude\":50.461350499999995,\"longitude\":30.509207999999997,\"accuracy\":20}','{\"latitude\":50.461325699999996,\"longitude\":30.509212999999995,\"accuracy\":24}','92.60.189.169','92.60.189.169'),(92,'2016-06-22 19:18:32','2016-06-22 20:38:34',2,0,NULL,'2016-06-22 16:18:32','2016-06-22 17:38:34','{\"latitude\":50.461325699999996,\"longitude\":30.509212999999995,\"accuracy\":24}','{\"latitude\":50.4613291,\"longitude\":30.509112299999998,\"accuracy\":29}','92.60.189.169','92.60.189.169'),(93,'2016-06-22 19:43:26','2016-06-22 20:38:19',1,0,'B Timeout Bigfixing','2016-06-22 16:43:26','2016-06-22 17:38:19','{\"latitude\":50.464216799999996,\"longitude\":30.5058856,\"accuracy\":1027}','{\"latitude\":50.464216799999996,\"longitude\":30.5058856,\"accuracy\":1027}','92.60.189.169','92.60.189.169'),(94,'2016-06-22 23:48:24','2016-06-23 01:04:48',1,0,'B Research','2016-06-22 20:48:24','2016-06-22 22:04:48','{\"latitude\":50.5153124,\"longitude\":30.503123699999996,\"accuracy\":38}','{\"latitude\":50.5152621,\"longitude\":30.503397300000003,\"accuracy\":48}','82.193.98.216','82.193.98.216'),(95,'2016-06-23 09:47:16','2016-06-23 20:53:56',5,1,NULL,'2016-06-23 06:47:16','2016-06-23 17:53:56','{\"latitude\":50.464216799999996,\"longitude\":30.5058856,\"accuracy\":1027}','0','92.60.189.169','82.193.98.216'),(96,'2016-06-23 10:40:47','2016-06-23 19:46:16',3,0,NULL,'2016-06-23 07:40:47','2016-06-23 16:46:16','{\"latitude\":50.461238,\"longitude\":30.509111,\"accuracy\":58}','{\"latitude\":50.461225,\"longitude\":30.50903,\"accuracy\":55}','92.60.189.169','92.60.189.169'),(97,'2016-06-23 10:50:37','2016-06-23 12:20:24',4,0,NULL,'2016-06-23 07:50:37','2016-06-23 09:20:24','{}','{}','92.60.189.169','92.60.189.169'),(98,'2016-06-23 10:50:38','2016-06-23 13:42:55',2,0,'gaming time','2016-06-23 07:50:38','2016-06-23 10:42:55','{\"latitude\":50.4613627,\"longitude\":30.509124999999997,\"accuracy\":30}','{\"latitude\":50.4613272,\"longitude\":30.509237900000002,\"accuracy\":24}','92.60.189.169','92.60.189.169'),(99,'2016-06-23 10:59:25','2016-06-23 19:19:45',6,0,NULL,'2016-06-23 07:59:25','2016-06-23 16:19:45','{\"latitude\":50.4612896,\"longitude\":30.5091524,\"accuracy\":25}','{\"latitude\":50.4612955,\"longitude\":30.509193,\"accuracy\":21}','92.60.189.169','92.60.189.169'),(100,'2016-06-23 11:33:51','2016-06-23 19:07:21',1,0,NULL,'2016-06-23 08:33:51','2016-06-23 16:07:21','{\"latitude\":50.515294499999996,\"longitude\":30.5032275,\"accuracy\":38}','{\"latitude\":50.5153112,\"longitude\":30.503294,\"accuracy\":48}','82.193.98.216','82.193.98.216'),(101,'2016-06-23 12:20:25','2016-06-23 15:54:08',4,0,NULL,'2016-06-23 09:20:25','2016-06-23 12:54:08','{}','{}','92.60.189.169','92.60.189.169'),(102,'2016-06-23 14:09:06','2016-06-23 19:20:05',2,0,NULL,'2016-06-23 11:09:06','2016-06-23 16:20:05','{\"latitude\":50.4613423,\"longitude\":30.5091672,\"accuracy\":27}','{\"latitude\":50.461353599999995,\"longitude\":30.509263400000002,\"accuracy\":25}','92.60.189.169','92.60.189.169'),(103,'2016-06-23 15:54:11','2016-06-23 20:53:54',4,1,NULL,'2016-06-23 12:54:11','2016-06-23 17:53:54','{}','0','92.60.189.169','82.193.98.216'),(104,'2016-06-23 19:20:13','2016-06-23 20:04:17',2,0,NULL,'2016-06-23 16:20:13','2016-06-23 17:04:17','{\"latitude\":50.461353599999995,\"longitude\":30.509263400000002,\"accuracy\":25}','{\"latitude\":50.461356099999996,\"longitude\":30.509187999999998,\"accuracy\":27}','92.60.189.169','92.60.189.169'),(105,'2016-06-24 09:51:39','2016-06-25 00:01:23',1,0,NULL,'2016-06-24 06:51:39','2016-06-24 21:01:23','{\"latitude\":50.515317499999995,\"longitude\":30.503235300000004,\"accuracy\":122}','{\"latitude\":50.5152773,\"longitude\":30.503231199999995,\"accuracy\":110}','82.193.98.216','82.193.98.216'),(106,'2016-06-24 10:59:52','2016-06-25 00:01:21',2,0,NULL,'2016-06-24 07:59:52','2016-06-24 21:01:21','{\"latitude\":50.4614092,\"longitude\":30.5094106,\"accuracy\":30}','0','92.60.189.169','82.193.98.216'),(107,'2016-06-24 11:17:34','2016-06-25 00:01:27',4,0,NULL,'2016-06-24 08:17:34','2016-06-24 21:01:27','{}','0','92.60.189.169','82.193.98.216'),(108,'2016-06-24 11:25:10','2016-06-25 00:01:25',3,0,NULL,'2016-06-24 08:25:10','2016-06-24 21:01:25','{\"latitude\":50.4501,\"longitude\":30.5234,\"accuracy\":16570}','0','92.60.189.169','82.193.98.216'),(109,'2016-06-27 11:22:07','2016-06-27 14:32:29',2,0,NULL,'2016-06-27 08:22:07','2016-06-27 11:32:29','{\"latitude\":50.4612804,\"longitude\":30.5091969,\"accuracy\":22}','{\"latitude\":50.46135890000001,\"longitude\":30.5091897,\"accuracy\":28}','92.60.189.169','92.60.189.169'),(110,'2016-06-27 15:07:14','2016-06-27 19:13:09',2,0,NULL,'2016-06-27 12:07:14','2016-06-27 16:13:09','{\"latitude\":50.4612761,\"longitude\":30.509213499999998,\"accuracy\":27}','{\"latitude\":50.461352399999996,\"longitude\":30.509216600000002,\"accuracy\":20}','92.60.189.169','92.60.189.169'),(111,'2016-06-27 20:34:15','2016-06-27 22:15:47',2,0,NULL,'2016-06-27 17:34:15','2016-06-27 19:15:47','{\"latitude\":50.4613568,\"longitude\":30.5092212,\"accuracy\":22}','{\"latitude\":50.461388199999995,\"longitude\":30.5091847,\"accuracy\":21}','92.60.189.169','92.60.189.169'),(112,'2016-06-28 10:26:23','2016-06-28 15:23:51',2,0,NULL,'2016-06-28 07:26:23','2016-06-28 12:23:51','{\"latitude\":50.461294599999995,\"longitude\":30.5090996,\"accuracy\":28}','{\"latitude\":50.461372999999995,\"longitude\":30.509133700000003,\"accuracy\":31}','92.60.189.169','92.60.189.169'),(113,'2016-06-28 16:25:42','2016-06-28 18:42:42',2,0,NULL,'2016-06-28 13:25:42','2016-06-28 15:42:42','{\"latitude\":50.4613696,\"longitude\":30.509256199999996,\"accuracy\":26}','{\"latitude\":50.4613223,\"longitude\":30.509189199999998,\"accuracy\":25}','92.60.189.169','92.60.189.169'),(114,'2016-06-29 11:02:30','2016-06-29 14:08:11',1,0,'BA/Inwest fixes','2016-06-29 08:02:30','2016-06-29 11:08:11','{\"latitude\":50.464216799999996,\"longitude\":30.5058856,\"accuracy\":1027}','{\"latitude\":50.464216799999996,\"longitude\":30.5058856,\"accuracy\":1027}','92.60.189.169','92.60.189.169'),(115,'2016-06-29 11:03:04','2016-06-29 14:08:18',6,0,NULL,'2016-06-29 08:03:04','2016-06-29 11:08:18','{\"latitude\":50.4613039,\"longitude\":30.509166199999996,\"accuracy\":20}','0','92.60.189.169','92.60.189.169'),(116,'2016-06-29 11:03:09','2016-06-29 14:08:16',5,0,NULL,'2016-06-29 08:03:09','2016-06-29 11:08:16','0','0','92.60.189.169','92.60.189.169'),(117,'2016-06-29 11:06:47','2016-06-29 11:57:26',4,0,NULL,'2016-06-29 08:06:47','2016-06-29 08:57:26','{}','0','92.60.189.169','92.60.189.169'),(118,'2016-06-29 11:08:54','2016-06-29 14:08:19',7,0,NULL,'2016-06-29 08:08:54','2016-06-29 11:08:19','0','0','92.60.189.169','92.60.189.169'),(119,'2016-06-29 11:24:14','2016-06-29 11:58:13',3,0,'test','2016-06-29 08:24:14','2016-06-29 08:58:13','{\"latitude\":50.461238,\"longitude\":30.509119,\"accuracy\":55}','{\"latitude\":50.4613936,\"longitude\":30.509361899999995,\"accuracy\":21}','92.60.189.169','92.60.189.169'),(120,'2016-06-29 11:34:16','2016-06-29 14:08:45',2,0,NULL,'2016-06-29 08:34:16','2016-06-29 11:08:45','{}','{\"latitude\":50.4613872,\"longitude\":30.5093498,\"accuracy\":40.5}','92.60.189.169','92.60.189.169'),(121,'2016-06-29 11:57:30','2016-06-29 13:38:02',4,0,NULL,'2016-06-29 08:57:30','2016-06-29 10:38:02','0','{}','92.60.189.169','92.60.189.169'),(122,'2016-06-29 11:58:16','2016-06-29 13:57:03',3,0,NULL,'2016-06-29 08:58:16','2016-06-29 10:57:03','{\"latitude\":50.4613936,\"longitude\":30.509361899999995,\"accuracy\":21}','{\"latitude\":50.46125,\"longitude\":30.509174,\"accuracy\":62}','92.60.189.169','92.60.189.169'),(123,'2016-06-29 13:38:04','2016-06-29 13:38:31',4,0,NULL,'2016-06-29 10:38:04','2016-06-29 10:38:31','{}','{}','92.60.189.169','92.60.189.169'),(124,'2016-06-29 13:38:35','2016-06-29 13:38:41',4,0,NULL,'2016-06-29 10:38:35','2016-06-29 10:38:41','{\"latitude\":50.464216799999996,\"longitude\":30.5058856,\"accuracy\":1027}','{\"latitude\":50.464216799999996,\"longitude\":30.5058856,\"accuracy\":1027}','92.60.189.169','92.60.189.169'),(125,'2016-06-29 13:38:43','2016-06-29 13:52:17',4,0,NULL,'2016-06-29 10:38:43','2016-06-29 10:52:17','{\"latitude\":50.464216799999996,\"longitude\":30.5058856,\"accuracy\":1027}','{\"latitude\":50.464216799999996,\"longitude\":30.5058856,\"accuracy\":1027}','92.60.189.169','92.60.189.169'),(126,'2016-06-29 13:52:18','2016-06-29 14:08:14',4,0,NULL,'2016-06-29 10:52:18','2016-06-29 11:08:14','{\"latitude\":50.464216799999996,\"longitude\":30.5058856,\"accuracy\":1027}','0','92.60.189.169','92.60.189.169'),(127,'2016-06-29 14:21:18','2016-06-29 14:47:04',3,0,NULL,'2016-06-29 11:21:18','2016-06-29 11:47:04','{\"latitude\":50.461221,\"longitude\":30.509196,\"accuracy\":62}','{}','92.60.189.169','92.60.189.169'),(128,'2016-06-29 14:24:06','2016-06-29 20:45:27',1,0,'fewProjectFixes','2016-06-29 11:24:06','2016-06-29 17:45:27','{\"latitude\":50.464216799999996,\"longitude\":30.5058856,\"accuracy\":1027}','{\"latitude\":50.464216799999996,\"longitude\":30.5058856,\"accuracy\":1027}','92.60.189.169','92.60.189.169'),(129,'2016-06-29 14:24:11','2016-06-29 14:50:30',4,0,NULL,'2016-06-29 11:24:11','2016-06-29 11:50:30','{\"latitude\":50.464216799999996,\"longitude\":30.5058856,\"accuracy\":1027}','{\"latitude\":50.464216799999996,\"longitude\":30.5058856,\"accuracy\":1027}','92.60.189.169','92.60.189.169'),(130,'2016-06-29 14:24:17','2016-06-29 19:33:17',6,0,NULL,'2016-06-29 11:24:17','2016-06-29 16:33:17','{\"latitude\":50.461295400000004,\"longitude\":30.509195000000002,\"accuracy\":23}','0','92.60.189.169','92.60.189.169'),(131,'2016-06-29 14:24:21','2016-06-29 18:16:33',7,0,NULL,'2016-06-29 11:24:21','2016-06-29 15:16:33','0','0','92.60.189.169','92.60.189.169'),(132,'2016-06-29 14:24:24','2016-06-29 19:33:15',5,0,NULL,'2016-06-29 11:24:24','2016-06-29 16:33:15','0','0','92.60.189.169','92.60.189.169'),(133,'2016-06-29 14:25:55','2016-06-29 20:35:11',2,0,NULL,'2016-06-29 11:25:55','2016-06-29 17:35:11','{\"latitude\":50.461317300000005,\"longitude\":30.509153500000004,\"accuracy\":26}','{\"latitude\":50.461317,\"longitude\":30.509150499999997,\"accuracy\":26}','92.60.189.169','92.60.189.169'),(134,'2016-06-29 14:48:01','2016-06-29 14:48:30',3,0,NULL,'2016-06-29 11:48:01','2016-06-29 11:48:30','{\"latitude\":50.461234,\"longitude\":30.509113,\"accuracy\":62}','{\"latitude\":50.461246,\"longitude\":30.509064,\"accuracy\":63}','92.60.189.169','92.60.189.169'),(135,'2016-06-29 14:48:36','2016-06-29 14:48:39',3,0,NULL,'2016-06-29 11:48:36','2016-06-29 11:48:39','{\"latitude\":50.461246,\"longitude\":30.509064,\"accuracy\":63}','{\"latitude\":50.461246,\"longitude\":30.509064,\"accuracy\":63}','92.60.189.169','92.60.189.169'),(136,'2016-06-29 14:48:44','2016-06-29 14:48:49',3,0,NULL,'2016-06-29 11:48:44','2016-06-29 11:48:49','{\"latitude\":50.461246,\"longitude\":30.509064,\"accuracy\":63}','{\"latitude\":50.461246,\"longitude\":30.509064,\"accuracy\":63}','92.60.189.169','92.60.189.169'),(137,'2016-06-29 14:48:53','2016-06-29 14:51:41',3,0,NULL,'2016-06-29 11:48:53','2016-06-29 11:51:41','{\"latitude\":50.461246,\"longitude\":30.509064,\"accuracy\":63}','{}','92.60.189.169','92.60.189.169'),(138,'2016-06-29 14:50:31','2016-06-29 15:15:17',4,0,NULL,'2016-06-29 11:50:31','2016-06-29 12:15:17','{\"latitude\":50.464216799999996,\"longitude\":30.5058856,\"accuracy\":1027}','{\"latitude\":50.464216799999996,\"longitude\":30.5058856,\"accuracy\":1027}','92.60.189.169','92.60.189.169'),(139,'2016-06-29 14:52:03','2016-06-29 14:55:21',3,0,NULL,'2016-06-29 11:52:03','2016-06-29 11:55:21','{\"latitude\":50.461272,\"longitude\":30.509241,\"accuracy\":80}','{\"latitude\":50.461253,\"longitude\":30.509145,\"accuracy\":59}','92.60.189.169','92.60.189.169'),(140,'2016-06-29 14:55:23','2016-06-29 14:55:43',3,0,NULL,'2016-06-29 11:55:23','2016-06-29 11:55:43','{\"latitude\":50.461253,\"longitude\":30.509145,\"accuracy\":59}','{\"latitude\":50.46138140000001,\"longitude\":30.5093857,\"accuracy\":24}','92.60.189.169','92.60.189.169'),(141,'2016-06-29 14:55:45','2016-06-29 14:55:51',3,0,NULL,'2016-06-29 11:55:45','2016-06-29 11:55:51','{\"latitude\":50.46138140000001,\"longitude\":30.5093857,\"accuracy\":24}','{\"latitude\":50.46138140000001,\"longitude\":30.5093857,\"accuracy\":24}','92.60.189.169','92.60.189.169'),(142,'2016-06-29 14:55:53','2016-06-29 14:55:56',3,0,NULL,'2016-06-29 11:55:53','2016-06-29 11:55:56','{\"latitude\":50.46138140000001,\"longitude\":30.5093857,\"accuracy\":24}','{\"latitude\":50.46138140000001,\"longitude\":30.5093857,\"accuracy\":24}','92.60.189.169','92.60.189.169'),(143,'2016-06-29 14:55:59','2016-06-29 14:56:04',3,0,NULL,'2016-06-29 11:55:59','2016-06-29 11:56:04','{\"latitude\":50.46138140000001,\"longitude\":30.5093857,\"accuracy\":24}','{\"latitude\":50.46138140000001,\"longitude\":30.5093857,\"accuracy\":24}','92.60.189.169','92.60.189.169'),(144,'2016-06-29 14:56:13','2016-06-29 14:56:47',3,0,NULL,'2016-06-29 11:56:13','2016-06-29 11:56:47','{\"latitude\":50.46138140000001,\"longitude\":30.5093857,\"accuracy\":24}','{}','92.60.189.169','92.60.189.169'),(145,'2016-06-29 14:57:25','2016-06-29 14:57:52',3,0,NULL,'2016-06-29 11:57:25','2016-06-29 11:57:52','{\"latitude\":50.461258099999995,\"longitude\":30.509317799999994,\"accuracy\":26}','{}','92.60.189.169','92.60.189.169'),(146,'2016-06-29 14:58:09','2016-06-29 14:58:32',3,0,NULL,'2016-06-29 11:58:09','2016-06-29 11:58:32','{\"latitude\":50.461258099999995,\"longitude\":30.509317799999994,\"accuracy\":26}','{\"latitude\":50.461258099999995,\"longitude\":30.509317799999994,\"accuracy\":26}','92.60.189.169','92.60.189.169'),(147,'2016-06-29 14:58:35','2016-06-29 16:56:15',3,0,NULL,'2016-06-29 11:58:35','2016-06-29 13:56:15','{\"latitude\":50.461258099999995,\"longitude\":30.509317799999994,\"accuracy\":26}','{}','92.60.189.169','92.60.189.169'),(148,'2016-06-29 15:15:18','2016-06-29 16:35:23',4,0,NULL,'2016-06-29 12:15:18','2016-06-29 13:35:23','{\"latitude\":50.464216799999996,\"longitude\":30.5058856,\"accuracy\":1027}','{\"latitude\":50.464216799999996,\"longitude\":30.5058856,\"accuracy\":1027}','92.60.189.169','92.60.189.169'),(149,'2016-06-29 16:35:24','2016-06-29 16:35:27',4,0,NULL,'2016-06-29 13:35:24','2016-06-29 13:35:27','{\"latitude\":50.464216799999996,\"longitude\":30.5058856,\"accuracy\":1027}','{\"latitude\":50.464216799999996,\"longitude\":30.5058856,\"accuracy\":1027}','92.60.189.169','92.60.189.169'),(150,'2016-06-29 16:35:31','2016-06-29 17:09:59',4,0,NULL,'2016-06-29 13:35:31','2016-06-29 14:09:59','{\"latitude\":50.464216799999996,\"longitude\":30.5058856,\"accuracy\":1027}','{\"latitude\":50.464216799999996,\"longitude\":30.5058856,\"accuracy\":1027}','92.60.189.169','92.60.189.169'),(151,'2016-06-29 16:56:32','2016-06-29 16:57:00',3,0,NULL,'2016-06-29 13:56:32','2016-06-29 13:57:00','{\"latitude\":50.461227,\"longitude\":30.509163,\"accuracy\":57}','{\"latitude\":50.461227,\"longitude\":30.509163,\"accuracy\":57}','92.60.189.169','92.60.189.169'),(152,'2016-06-29 16:57:20','2016-06-29 16:57:35',3,0,NULL,'2016-06-29 13:57:20','2016-06-29 13:57:35','{}','{}','92.60.189.169','92.60.189.169'),(153,'2016-06-29 16:58:06','2016-06-29 16:58:20',3,0,NULL,'2016-06-29 13:58:06','2016-06-29 13:58:20','{\"latitude\":50.461233,\"longitude\":30.509121,\"accuracy\":73}','{}','92.60.189.169','92.60.189.169'),(154,'2016-06-29 16:58:43','2016-06-29 16:58:54',3,0,NULL,'2016-06-29 13:58:43','2016-06-29 13:58:54','{\"latitude\":50.461218,\"longitude\":30.509106,\"accuracy\":58}','{\"latitude\":50.461218,\"longitude\":30.509106,\"accuracy\":58}','92.60.189.169','92.60.189.169'),(155,'2016-06-29 16:58:58','2016-06-29 17:00:08',3,0,NULL,'2016-06-29 13:58:58','2016-06-29 14:00:08','{\"latitude\":50.461218,\"longitude\":30.509106,\"accuracy\":58}','{\"latitude\":50.461236,\"longitude\":30.50913,\"accuracy\":56}','92.60.189.169','92.60.189.169'),(156,'2016-06-29 17:00:12','2016-06-29 17:01:33',3,0,NULL,'2016-06-29 14:00:12','2016-06-29 14:01:33','{\"latitude\":50.461236,\"longitude\":30.50913,\"accuracy\":56}','{\"latitude\":50.461385799999995,\"longitude\":30.5093808,\"accuracy\":29}','92.60.189.169','92.60.189.169'),(157,'2016-06-29 17:01:46','2016-06-29 19:33:13',3,0,NULL,'2016-06-29 14:01:46','2016-06-29 16:33:13','{\"latitude\":50.4612632,\"longitude\":30.509278099999996,\"accuracy\":22}','0','92.60.189.169','92.60.189.169'),(158,'2016-06-29 17:10:00','2016-06-29 17:27:35',4,0,NULL,'2016-06-29 14:10:00','2016-06-29 14:27:35','{\"latitude\":50.464216799999996,\"longitude\":30.5058856,\"accuracy\":1027}','{\"latitude\":50.464216799999996,\"longitude\":30.5058856,\"accuracy\":1027}','92.60.189.169','92.60.189.169'),(159,'2016-06-29 17:27:36','2016-06-29 18:48:28',4,0,NULL,'2016-06-29 14:27:36','2016-06-29 15:48:28','{\"latitude\":50.464216799999996,\"longitude\":30.5058856,\"accuracy\":1027}','{\"latitude\":50.464216799999996,\"longitude\":30.5058856,\"accuracy\":1027}','92.60.189.169','92.60.189.169'),(160,'2016-06-30 01:29:44','2016-06-30 02:23:10',1,0,'AngularCharts Implantation','2016-06-29 22:29:44','2016-06-29 23:23:10','{\"latitude\":50.515395,\"longitude\":30.502798,\"accuracy\":30}','{\"latitude\":50.5154159,\"longitude\":30.5027913,\"accuracy\":30}','82.193.98.216','82.193.98.216'),(161,'2016-06-30 10:15:35','2016-06-30 13:16:48',3,0,NULL,'2016-06-30 07:15:35','2016-06-30 10:16:48','{\"latitude\":50.461241,\"longitude\":30.509051,\"accuracy\":55}','{\"latitude\":50.461237,\"longitude\":30.509077,\"accuracy\":55}','92.60.189.169','92.60.189.169'),(162,'2016-06-30 10:52:22','2016-06-30 10:52:28',4,0,NULL,'2016-06-30 07:52:22','2016-06-30 07:52:28','{\"latitude\":50.464216799999996,\"longitude\":30.5058856,\"accuracy\":1027}','{\"latitude\":50.464216799999996,\"longitude\":30.5058856,\"accuracy\":1027}','92.60.189.169','92.60.189.169'),(163,'2016-06-30 10:52:28','2016-06-30 11:39:34',4,0,NULL,'2016-06-30 07:52:28','2016-06-30 08:39:34','{\"latitude\":50.464216799999996,\"longitude\":30.5058856,\"accuracy\":1027}','{\"latitude\":50.464216799999996,\"longitude\":30.5058856,\"accuracy\":1027}','92.60.189.169','92.60.189.169'),(164,'2016-06-30 11:08:24','2016-06-30 12:52:30',1,0,'Собрание','2016-06-30 08:08:24','2016-06-30 09:52:30','{\"latitude\":50.464216799999996,\"longitude\":30.5058856,\"accuracy\":1027}','{\"latitude\":50.464216799999996,\"longitude\":30.5058856,\"accuracy\":1027}','92.60.189.169','92.60.189.169'),(165,'2016-06-30 11:08:26','2016-06-30 12:52:56',5,0,NULL,'2016-06-30 08:08:26','2016-06-30 09:52:56','0','0','92.60.189.169','92.60.189.169'),(166,'2016-06-30 11:08:27','2016-06-30 12:59:40',6,0,NULL,'2016-06-30 08:08:27','2016-06-30 09:59:40','{\"latitude\":50.461272900000004,\"longitude\":30.509170999999995,\"accuracy\":20}','0','92.60.189.169','92.60.189.169'),(167,'2016-06-30 11:08:29','2016-06-30 18:16:39',7,0,NULL,'2016-06-30 08:08:29','2016-06-30 15:16:39','0','0','92.60.189.169','92.60.189.169'),(168,'2016-06-30 11:39:35','2016-06-30 12:52:55',4,0,NULL,'2016-06-30 08:39:35','2016-06-30 09:52:55','{\"latitude\":50.464216799999996,\"longitude\":30.5058856,\"accuracy\":1027}','0','92.60.189.169','92.60.189.169'),(169,'2016-06-30 12:35:32','2016-06-30 16:54:32',2,0,NULL,'2016-06-30 09:35:32','2016-06-30 13:54:32','{}','{\"latitude\":50.4658148,\"longitude\":30.5123174,\"accuracy\":31.5}','93.72.0.176','46.211.6.214'),(170,'2016-06-30 12:58:40','2016-06-30 12:59:50',1,0,'Test token','2016-06-30 09:58:40','2016-06-30 09:59:50','{\"latitude\":50.464216799999996,\"longitude\":30.5058856,\"accuracy\":1027}','{\"latitude\":50.464216799999996,\"longitude\":30.5058856,\"accuracy\":1027}','92.60.189.169','92.60.189.169'),(171,'2016-06-30 13:09:18','2016-06-30 17:31:24',1,0,'Iskra Projects Section','2016-06-30 10:09:18','2016-06-30 14:31:24','{\"latitude\":50.464216799999996,\"longitude\":30.5058856,\"accuracy\":1027}','{\"latitude\":50.464216799999996,\"longitude\":30.5058856,\"accuracy\":1027}','92.60.189.169','92.60.189.169'),(172,'2016-06-30 13:17:28','2016-06-30 13:19:13',4,0,NULL,'2016-06-30 10:17:28','2016-06-30 10:19:13','{\"latitude\":50.464216799999996,\"longitude\":30.5058856,\"accuracy\":1027}','{\"latitude\":50.464216799999996,\"longitude\":30.5058856,\"accuracy\":1027}','92.60.189.169','92.60.189.169'),(173,'2016-06-30 13:23:33','2016-06-30 17:31:37',6,0,NULL,'2016-06-30 10:23:33','2016-06-30 14:31:37','{\"latitude\":50.461280599999995,\"longitude\":30.5092066,\"accuracy\":22}','0','92.60.189.169','92.60.189.169'),(174,'2016-06-30 13:23:35','2016-06-30 17:31:35',5,0,NULL,'2016-06-30 10:23:35','2016-06-30 14:31:35','0','0','92.60.189.169','92.60.189.169'),(175,'2016-06-30 13:42:12','2016-06-30 14:04:29',3,0,NULL,'2016-06-30 10:42:12','2016-06-30 11:04:29','{\"latitude\":50.46123,\"longitude\":30.509078,\"accuracy\":55}','{\"latitude\":50.461219,\"longitude\":30.509081,\"accuracy\":55}','92.60.189.169','92.60.189.169'),(176,'2016-06-30 14:29:55','2016-06-30 15:42:22',4,0,NULL,'2016-06-30 11:29:55','2016-06-30 12:42:22','{\"latitude\":50.464216799999996,\"longitude\":30.5058856,\"accuracy\":1027}','{\"latitude\":50.464216799999996,\"longitude\":30.5058856,\"accuracy\":1027}','92.60.189.169','92.60.189.169'),(177,'2016-06-30 14:33:04','2016-06-30 15:01:45',3,0,NULL,'2016-06-30 11:33:04','2016-06-30 12:01:45','{\"latitude\":50.461239,\"longitude\":30.508989,\"accuracy\":64}','{\"latitude\":50.461244,\"longitude\":30.509085,\"accuracy\":63}','92.60.189.169','92.60.189.169'),(178,'2016-06-30 15:19:36','2016-06-30 18:52:55',3,0,NULL,'2016-06-30 12:19:36','2016-06-30 15:52:55','{\"latitude\":50.461203,\"longitude\":30.50911,\"accuracy\":59}','{\"latitude\":50.461232,\"longitude\":30.509069,\"accuracy\":69}','92.60.189.169','92.60.189.169'),(179,'2016-06-30 15:42:23','2016-06-30 16:49:45',4,0,NULL,'2016-06-30 12:42:23','2016-06-30 13:49:45','{\"latitude\":50.464216799999996,\"longitude\":30.5058856,\"accuracy\":1027}','{\"latitude\":50.464216799999996,\"longitude\":30.5058856,\"accuracy\":1027}','92.60.189.169','92.60.189.169'),(180,'2016-06-30 16:49:46','2016-06-30 17:27:31',4,0,NULL,'2016-06-30 13:49:46','2016-06-30 14:27:31','{\"latitude\":50.464216799999996,\"longitude\":30.5058856,\"accuracy\":1027}','{\"latitude\":50.464216799999996,\"longitude\":30.5058856,\"accuracy\":1027}','92.60.189.169','92.60.189.169'),(181,'2016-06-30 17:38:27','2016-06-30 17:57:04',1,0,'iskra cases','2016-06-30 14:38:27','2016-06-30 14:57:04','{\"latitude\":50.464216799999996,\"longitude\":30.5058856,\"accuracy\":1027}','{\"latitude\":50.464216799999996,\"longitude\":30.5058856,\"accuracy\":1027}','92.60.189.169','92.60.189.169'),(182,'2016-06-30 17:39:18','2016-06-30 18:07:16',4,0,NULL,'2016-06-30 14:39:18','2016-06-30 15:07:16','{\"latitude\":50.464216799999996,\"longitude\":30.5058856,\"accuracy\":1027}','{\"latitude\":50.464216799999996,\"longitude\":30.5058856,\"accuracy\":1027}','92.60.189.169','92.60.189.169'),(183,'2016-06-30 18:07:17','2016-06-30 19:22:02',4,0,NULL,'2016-06-30 15:07:17','2016-06-30 16:22:02','{\"latitude\":50.464216799999996,\"longitude\":30.5058856,\"accuracy\":1027}','0','92.60.189.169','92.60.189.169'),(184,'2016-06-30 18:11:55','2016-06-30 20:42:41',1,0,'Iskra Site: Team/Projects','2016-06-30 15:11:55','2016-06-30 17:42:41','{\"latitude\":50.464216799999996,\"longitude\":30.5058856,\"accuracy\":1027}','{\"latitude\":50.464216799999996,\"longitude\":30.5058856,\"accuracy\":1027}','92.60.189.169','92.60.189.169'),(185,'2016-06-30 18:16:38','2016-06-30 18:18:32',6,0,NULL,'2016-06-30 15:16:38','2016-06-30 15:18:32','{\"latitude\":50.4613282,\"longitude\":30.5092119,\"accuracy\":25}','{\"latitude\":50.4613282,\"longitude\":30.5092119,\"accuracy\":25}','92.60.189.169','92.60.189.169'),(186,'2016-06-30 19:20:13','2016-06-30 20:02:02',3,0,NULL,'2016-06-30 16:20:13','2016-06-30 17:02:02','{\"latitude\":50.461225,\"longitude\":30.509113,\"accuracy\":58}','{\"latitude\":50.461232,\"longitude\":30.50903,\"accuracy\":55}','92.60.189.169','92.60.189.169'),(187,'2016-07-01 07:29:10','2016-07-01 08:00:29',1,0,'Odessa Mc Conf for NewIskra','2016-07-01 04:29:10','2016-07-01 05:00:29','{\"latitude\":46.4691817,\"longitude\":30.7415497,\"accuracy\":37}','{\"latitude\":46.4691817,\"longitude\":30.7415497,\"accuracy\":37}','95.133.187.22','95.133.187.22'),(188,'2016-07-01 09:30:15','2016-07-01 21:15:07',7,0,NULL,'2016-07-01 06:30:15','2016-07-01 18:15:07','0','0','92.60.189.169','213.133.170.197'),(189,'2016-07-01 09:30:17','2016-07-01 21:15:04',6,0,NULL,'2016-07-01 06:30:17','2016-07-01 18:15:04','{\"latitude\":50.4613233,\"longitude\":30.509237799999998,\"accuracy\":23}','0','92.60.189.169','213.133.170.197'),(190,'2016-07-01 10:57:22','2016-07-01 12:59:09',3,0,NULL,'2016-07-01 07:57:22','2016-07-01 09:59:09','{\"latitude\":50.461236,\"longitude\":30.5091749,\"accuracy\":21}','{\"latitude\":50.4612244,\"longitude\":30.5092265,\"accuracy\":20}','92.60.189.169','92.60.189.169'),(191,'2016-07-01 10:59:43','2016-07-01 21:15:03',5,0,NULL,'2016-07-01 07:59:43','2016-07-01 18:15:03','0','0','92.60.189.169','213.133.170.197'),(192,'2016-07-01 13:55:45','2016-07-01 21:15:01',3,0,NULL,'2016-07-01 10:55:45','2016-07-01 18:15:01','{}','0','92.60.189.169','213.133.170.197'),(193,'2016-07-01 17:55:07','2016-07-01 18:15:13',1,0,'Organization questions','2016-07-01 14:55:07','2016-07-01 15:15:13','{\"latitude\":46.1290987,\"longitude\":30.5104582,\"accuracy\":30}','{\"latitude\":46.12911,\"longitude\":30.5104762,\"accuracy\":30}','213.133.170.197','213.133.170.197'),(194,'2016-07-01 18:07:39','2016-07-01 18:58:08',4,0,'старт в 10:20','2016-07-01 15:07:39','2016-07-01 15:58:08','{\"latitude\":50.464216799999996,\"longitude\":30.5058856,\"accuracy\":1027}','{\"latitude\":50.464216799999996,\"longitude\":30.5058856,\"accuracy\":1027}','92.60.189.169','92.60.189.169'),(195,'2016-07-02 10:08:08','2016-07-02 18:21:33',3,1,NULL,'2016-07-02 07:08:08','2016-07-02 15:21:33','{\"latitude\":50.461399,\"longitude\":30.509453599999997,\"accuracy\":30}','0','92.60.189.169','91.197.19.147'),(196,'2016-07-02 10:50:38','2016-07-02 14:52:46',4,0,NULL,'2016-07-02 07:50:38','2016-07-02 11:52:46','{\"latitude\":50.464216799999996,\"longitude\":30.5058856,\"accuracy\":1027}','{\"latitude\":50.464216799999996,\"longitude\":30.5058856,\"accuracy\":1027}','92.60.189.169','92.60.189.169'),(197,'2016-07-02 11:01:54','2016-07-02 18:22:28',2,0,NULL,'2016-07-02 08:01:54','2016-07-02 15:22:28','{\"latitude\":46.2449402,\"longitude\":30.4459183,\"accuracy\":4682.81787109375}','{\"latitude\":46.170767,\"longitude\":30.5664406,\"accuracy\":3799.9990234375}','91.197.19.147','91.197.19.147'),(198,'2016-07-02 11:06:31','2016-07-02 18:19:41',1,0,NULL,'2016-07-02 08:06:31','2016-07-02 15:19:41','{\"latitude\":46.17090277761541,\"longitude\":30.566611302343783,\"accuracy\":64}','{\"latitude\":46.1709242823904,\"longitude\":30.566477349987757,\"accuracy\":65}','91.197.19.147','91.197.19.147'),(199,'2016-07-02 14:52:47','2016-07-02 18:21:38',4,1,NULL,'2016-07-02 11:52:47','2016-07-02 15:21:38','{\"latitude\":50.464216799999996,\"longitude\":30.5058856,\"accuracy\":1027}','0','92.60.189.169','91.197.19.147'),(200,'2016-07-03 11:21:11','2016-07-03 17:03:41',2,0,NULL,'2016-07-03 08:21:11','2016-07-03 14:03:41','{\"latitude\":46.17174,\"longitude\":30.5664839,\"accuracy\":2700}','{\"latitude\":46.1691814,\"longitude\":30.5629059,\"accuracy\":2900}','91.197.19.147','46.211.7.15'),(201,'2016-07-03 12:01:56','2016-07-03 17:01:45',1,0,'odessa js day 2','2016-07-03 09:01:56','2016-07-03 14:01:45','{\"latitude\":46.17088,\"longitude\":30.5666,\"accuracy\":114}','{\"latitude\":46.16803388111293,\"longitude\":30.56306571699679,\"accuracy\":13}','91.197.19.147','37.73.253.244'),(202,'2016-07-04 10:00:20','2016-07-04 12:59:53',3,0,NULL,'2016-07-04 07:00:20','2016-07-04 09:59:53','{\"latitude\":50.461241699999995,\"longitude\":30.509153800000004,\"accuracy\":20}','{\"latitude\":50.461241699999995,\"longitude\":30.509153800000004,\"accuracy\":20}','92.60.189.169','92.60.189.169'),(203,'2016-07-04 10:43:28','2016-07-05 14:33:33',6,1,NULL,'2016-07-04 07:43:28','2016-07-05 11:33:33','{\"latitude\":50.461312199999995,\"longitude\":30.5091531,\"accuracy\":30}','0','92.60.189.169','92.60.189.169'),(204,'2016-07-04 10:43:31','2016-07-05 14:33:36',5,1,NULL,'2016-07-04 07:43:31','2016-07-05 11:33:36','0','0','92.60.189.169','92.60.189.169'),(205,'2016-07-04 10:43:32','2016-07-05 14:33:26',7,1,NULL,'2016-07-04 07:43:32','2016-07-05 11:33:26','0','0','92.60.189.169','92.60.189.169'),(207,'2016-07-04 13:22:58','2016-07-04 14:22:48',4,0,'в 10:15 начало','2016-07-04 10:22:58','2016-07-04 11:22:48','{\"latitude\":50.464216799999996,\"longitude\":30.5058856,\"accuracy\":1027}','{\"latitude\":50.464216799999996,\"longitude\":30.5058856,\"accuracy\":1027}','92.60.189.169','92.60.189.169'),(208,'2016-07-04 13:52:24','2016-07-04 18:47:10',3,0,NULL,'2016-07-04 10:52:24','2016-07-04 15:47:10','{\"latitude\":50.464216799999996,\"longitude\":30.5058856,\"accuracy\":1027}','{\"latitude\":50.464216799999996,\"longitude\":30.5058856,\"accuracy\":1027}','92.60.189.169','92.60.189.169'),(209,'2016-07-04 14:22:51','2016-07-04 14:23:03',4,0,NULL,'2016-07-04 11:22:51','2016-07-04 11:23:03','{\"latitude\":50.464216799999996,\"longitude\":30.5058856,\"accuracy\":1027}','{\"latitude\":50.464216799999996,\"longitude\":30.5058856,\"accuracy\":1027}','92.60.189.169','92.60.189.169'),(210,'2016-07-04 14:23:04','2016-07-04 18:34:25',4,0,NULL,'2016-07-04 11:23:04','2016-07-04 15:34:25','{\"latitude\":50.464216799999996,\"longitude\":30.5058856,\"accuracy\":1027}','{\"latitude\":50.464216799999996,\"longitude\":30.5058856,\"accuracy\":1027}','92.60.189.169','92.60.189.169'),(211,'2016-07-04 18:34:27','2016-07-04 18:50:17',4,0,NULL,'2016-07-04 15:34:27','2016-07-04 15:50:17','{\"latitude\":50.464216799999996,\"longitude\":30.5058856,\"accuracy\":1027}','{\"latitude\":50.464216799999996,\"longitude\":30.5058856,\"accuracy\":1027}','92.60.189.169','92.60.189.169'),(212,'2016-07-05 10:38:10','2016-07-05 11:01:01',4,0,NULL,'2016-07-05 07:38:10','2016-07-05 08:01:01','{\"latitude\":50.464216799999996,\"longitude\":30.5058856,\"accuracy\":1027}','{\"latitude\":50.464216799999996,\"longitude\":30.5058856,\"accuracy\":1027}','92.60.189.169','92.60.189.169'),(213,'2016-07-05 10:49:04','2016-07-05 19:49:05',3,0,NULL,'2016-07-05 07:49:04','2016-07-05 16:49:05','{\"latitude\":50.4613197,\"longitude\":30.509212999999995,\"accuracy\":24}','0','92.60.189.169','92.60.189.169'),(214,'2016-07-05 11:01:02','2016-07-05 12:24:28',4,0,NULL,'2016-07-05 08:01:02','2016-07-05 09:24:28','{\"latitude\":50.464216799999996,\"longitude\":30.5058856,\"accuracy\":1027}','{\"latitude\":50.464216799999996,\"longitude\":30.5058856,\"accuracy\":1027}','92.60.189.169','92.60.189.169'),(215,'2016-07-05 11:29:27','2016-07-05 13:43:56',1,0,'Fix Head','2016-07-05 08:29:27','2016-07-05 10:43:56','{\"latitude\":50.464216799999996,\"longitude\":30.5058856,\"accuracy\":1027}','{\"latitude\":50.464216799999996,\"longitude\":30.5058856,\"accuracy\":1027}','92.60.189.169','92.60.189.169'),(216,'2016-07-05 12:24:29','2016-07-05 13:02:32',4,0,NULL,'2016-07-05 09:24:29','2016-07-05 10:02:32','{\"latitude\":50.464216799999996,\"longitude\":30.5058856,\"accuracy\":1027}','{\"latitude\":50.464216799999996,\"longitude\":30.5058856,\"accuracy\":1027}','92.60.189.169','92.60.189.169'),(217,'2016-07-05 13:02:33','2016-07-05 13:51:07',4,0,NULL,'2016-07-05 10:02:33','2016-07-05 10:51:07','{\"latitude\":50.464216799999996,\"longitude\":30.5058856,\"accuracy\":1027}','{\"latitude\":50.464216799999996,\"longitude\":30.5058856,\"accuracy\":1027}','92.60.189.169','92.60.189.169'),(218,'2016-07-05 13:49:31','2016-07-05 14:32:49',1,0,'Fix IskraSite','2016-07-05 10:49:31','2016-07-05 11:32:49','{\"latitude\":50.464216799999996,\"longitude\":30.5058856,\"accuracy\":1027}','{\"latitude\":50.464216799999996,\"longitude\":30.5058856,\"accuracy\":1027}','92.60.189.169','92.60.189.169'),(219,'2016-07-05 13:51:10','2016-07-05 14:31:45',4,0,NULL,'2016-07-05 10:51:10','2016-07-05 11:31:45','{\"latitude\":50.464216799999996,\"longitude\":30.5058856,\"accuracy\":1027}','{\"latitude\":50.464216799999996,\"longitude\":30.5058856,\"accuracy\":1027}','92.60.189.169','92.60.189.169'),(220,'2016-07-05 14:31:46','2016-07-05 14:32:39',4,0,NULL,'2016-07-05 11:31:46','2016-07-05 11:32:39','{\"latitude\":50.464216799999996,\"longitude\":30.5058856,\"accuracy\":1027}','{\"latitude\":50.464216799999996,\"longitude\":30.5058856,\"accuracy\":1027}','92.60.189.169','92.60.189.169'),(221,'2016-07-05 14:33:38','2016-07-05 19:49:08',6,0,NULL,'2016-07-05 11:33:38','2016-07-05 16:49:08','{\"latitude\":50.4613203,\"longitude\":30.5091918,\"accuracy\":29}','0','92.60.189.169','92.60.189.169'),(222,'2016-07-05 14:42:51','2016-07-05 16:56:28',1,0,'Parallax rewrite','2016-07-05 11:42:51','2016-07-05 13:56:28','{\"latitude\":50.464216799999996,\"longitude\":30.5058856,\"accuracy\":1027}','{\"latitude\":50.464216799999996,\"longitude\":30.5058856,\"accuracy\":1027}','92.60.189.169','92.60.189.169'),(223,'2016-07-05 14:43:02','2016-07-05 16:53:36',4,0,NULL,'2016-07-05 11:43:02','2016-07-05 13:53:36','{\"latitude\":50.464216799999996,\"longitude\":30.5058856,\"accuracy\":1027}','{\"latitude\":50.464216799999996,\"longitude\":30.5058856,\"accuracy\":1027}','92.60.189.169','92.60.189.169'),(224,'2016-07-05 14:44:30','2016-07-05 19:49:07',5,0,NULL,'2016-07-05 11:44:30','2016-07-05 16:49:07','0','0','92.60.189.169','92.60.189.169'),(225,'2016-07-05 14:44:34','2016-07-05 19:49:09',7,0,NULL,'2016-07-05 11:44:34','2016-07-05 16:49:09','0','0','92.60.189.169','92.60.189.169'),(226,'2016-07-05 16:53:37','2016-07-05 16:56:07',4,0,NULL,'2016-07-05 13:53:37','2016-07-05 13:56:07','{\"latitude\":50.464216799999996,\"longitude\":30.5058856,\"accuracy\":1027}','{\"latitude\":50.464216799999996,\"longitude\":30.5058856,\"accuracy\":1027}','92.60.189.169','92.60.189.169'),(227,'2016-07-05 16:56:08','2016-07-05 17:06:29',4,0,NULL,'2016-07-05 13:56:08','2016-07-05 14:06:29','{\"latitude\":50.464216799999996,\"longitude\":30.5058856,\"accuracy\":1027}','{\"latitude\":50.464216799999996,\"longitude\":30.5058856,\"accuracy\":1027}','92.60.189.169','92.60.189.169'),(228,'2016-07-05 17:06:19','2016-07-05 20:30:48',1,0,'iskra site fixes','2016-07-05 14:06:19','2016-07-05 17:30:48','{\"latitude\":50.464216799999996,\"longitude\":30.5058856,\"accuracy\":1027}','{\"latitude\":50.461488431319594,\"longitude\":30.50883086398244,\"accuracy\":26}','92.60.189.169','37.73.250.115'),(229,'2016-07-05 17:06:30','2016-07-05 17:18:01',4,0,NULL,'2016-07-05 14:06:30','2016-07-05 14:18:01','{\"latitude\":50.464216799999996,\"longitude\":30.5058856,\"accuracy\":1027}','{\"latitude\":50.464216799999996,\"longitude\":30.5058856,\"accuracy\":1027}','92.60.189.169','92.60.189.169'),(230,'2016-07-05 17:18:02','2016-07-05 18:04:21',4,0,NULL,'2016-07-05 14:18:02','2016-07-05 15:04:21','{\"latitude\":50.464216799999996,\"longitude\":30.5058856,\"accuracy\":1027}','{\"latitude\":50.464216799999996,\"longitude\":30.5058856,\"accuracy\":1027}','92.60.189.169','92.60.189.169'),(231,'2016-07-05 18:04:22','2016-07-05 18:23:35',4,0,NULL,'2016-07-05 15:04:22','2016-07-05 15:23:35','{\"latitude\":50.464216799999996,\"longitude\":30.5058856,\"accuracy\":1027}','{\"latitude\":50.464216799999996,\"longitude\":30.5058856,\"accuracy\":1027}','92.60.189.169','92.60.189.169'),(232,'2016-07-05 18:23:37','2016-07-05 18:37:28',4,0,NULL,'2016-07-05 15:23:37','2016-07-05 15:37:28','{\"latitude\":50.464216799999996,\"longitude\":30.5058856,\"accuracy\":1027}','{\"latitude\":50.464216799999996,\"longitude\":30.5058856,\"accuracy\":1027}','92.60.189.169','92.60.189.169'),(233,'2016-07-05 18:37:29','2016-07-05 18:38:01',4,0,NULL,'2016-07-05 15:37:29','2016-07-05 15:38:01','{\"latitude\":50.464216799999996,\"longitude\":30.5058856,\"accuracy\":1027}','{\"latitude\":50.464216799999996,\"longitude\":30.5058856,\"accuracy\":1027}','92.60.189.169','92.60.189.169'),(234,'2016-07-05 18:38:02','2016-07-05 18:38:09',4,0,NULL,'2016-07-05 15:38:02','2016-07-05 15:38:09','{\"latitude\":50.464216799999996,\"longitude\":30.5058856,\"accuracy\":1027}','{\"latitude\":50.464216799999996,\"longitude\":30.5058856,\"accuracy\":1027}','92.60.189.169','92.60.189.169'),(235,'2016-07-06 10:39:51','2016-07-06 10:40:00',4,0,NULL,'2016-07-06 07:39:51','2016-07-06 07:40:00','{\"latitude\":50.464216799999996,\"longitude\":30.5058856,\"accuracy\":1027}','{\"latitude\":50.464216799999996,\"longitude\":30.5058856,\"accuracy\":1027}','92.60.189.169','92.60.189.169'),(236,'2016-07-06 10:40:01','2016-07-06 10:40:10',4,0,NULL,'2016-07-06 07:40:01','2016-07-06 07:40:10','{\"latitude\":50.464216799999996,\"longitude\":30.5058856,\"accuracy\":1027}','{\"latitude\":50.464216799999996,\"longitude\":30.5058856,\"accuracy\":1027}','92.60.189.169','92.60.189.169'),(237,'2016-07-06 10:40:12','2016-07-06 10:41:08',4,0,NULL,'2016-07-06 07:40:12','2016-07-06 07:41:08','{\"latitude\":50.464216799999996,\"longitude\":30.5058856,\"accuracy\":1027}','{\"latitude\":50.464216799999996,\"longitude\":30.5058856,\"accuracy\":1027}','92.60.189.169','92.60.189.169'),(238,'2016-07-06 10:41:09','2016-07-06 13:40:17',4,0,NULL,'2016-07-06 07:41:09','2016-07-06 10:40:17','{\"latitude\":50.464216799999996,\"longitude\":30.5058856,\"accuracy\":1027}','{\"latitude\":50.464216799999996,\"longitude\":30.5058856,\"accuracy\":1027}','92.60.189.169','92.60.189.169'),(239,'2016-07-06 10:41:27','2016-07-06 17:42:52',6,0,NULL,'2016-07-06 07:41:27','2016-07-06 14:42:52','{\"latitude\":50.4613443,\"longitude\":30.5091767,\"accuracy\":27}','{\"latitude\":50.4613247,\"longitude\":30.5091738,\"accuracy\":26}','92.60.189.169','92.60.189.169'),(240,'2016-07-06 10:41:29','2016-07-06 10:41:45',5,0,NULL,'2016-07-06 07:41:29','2016-07-06 07:41:45','0','0','92.60.189.169','92.60.189.169'),(241,'2016-07-06 10:41:46','2016-07-06 17:42:55',7,0,NULL,'2016-07-06 07:41:46','2016-07-06 14:42:55','0','0','92.60.189.169','92.60.189.169'),(242,'2016-07-06 12:36:06','2016-07-06 12:54:37',1,0,'iskraSite scrollFix','2016-07-06 09:36:06','2016-07-06 09:54:37','{\"latitude\":50.5154104,\"longitude\":30.502799399999994,\"accuracy\":20}','{\"latitude\":50.5153852,\"longitude\":30.502851500000002,\"accuracy\":25}','82.193.98.216','82.193.98.216'),(243,'2016-07-06 13:39:53','2016-07-06 18:47:03',1,0,'Fix layout/markup by design','2016-07-06 10:39:53','2016-07-06 15:47:03','{\"latitude\":50.464216799999996,\"longitude\":30.5058856,\"accuracy\":1027}','{\"latitude\":50.464216799999996,\"longitude\":30.5058856,\"accuracy\":1027}','92.60.189.169','92.60.189.169'),(244,'2016-07-06 13:40:18','2016-07-06 16:25:45',4,0,NULL,'2016-07-06 10:40:18','2016-07-06 13:25:45','{\"latitude\":50.464216799999996,\"longitude\":30.5058856,\"accuracy\":1027}','{\"latitude\":50.464216799999996,\"longitude\":30.5058856,\"accuracy\":1027}','92.60.189.169','92.60.189.169'),(245,'2016-07-06 16:25:46','2016-07-06 18:47:06',4,0,NULL,'2016-07-06 13:25:46','2016-07-06 15:47:06','{\"latitude\":50.464216799999996,\"longitude\":30.5058856,\"accuracy\":1027}','0','92.60.189.169','92.60.189.169'),(246,'2016-07-07 11:51:33','2016-07-07 22:59:29',2,0,NULL,'2016-07-07 08:51:33','2016-07-07 19:59:29','{\"latitude\":50.46135650000001,\"longitude\":30.5092257,\"accuracy\":26}','{\"latitude\":50.4398542,\"longitude\":30.4407949,\"accuracy\":48}','92.60.189.169','46.211.7.23'),(247,'2016-07-07 12:26:56','2016-07-07 12:53:57',1,0,'Iskra site refactor','2016-07-07 09:26:56','2016-07-07 09:53:57','{\"latitude\":50.5154189,\"longitude\":30.502842299999994,\"accuracy\":24}','{\"latitude\":50.515394699999995,\"longitude\":30.5028107,\"accuracy\":28}','82.193.98.216','82.193.98.216'),(248,'2016-07-07 13:40:06','2016-07-07 15:18:12',1,0,'Set slider','2016-07-07 10:40:06','2016-07-07 12:18:12','{\"latitude\":50.4501,\"longitude\":30.5234,\"accuracy\":16570}','{\"latitude\":50.464216799999996,\"longitude\":30.5058856,\"accuracy\":1027}','92.60.189.169','92.60.189.169'),(249,'2016-07-07 15:25:15','2016-07-07 17:04:47',1,0,'Slider And Projects','2016-07-07 12:25:15','2016-07-07 14:04:47','{\"latitude\":50.464216799999996,\"longitude\":30.5058856,\"accuracy\":1027}','{\"latitude\":50.464216799999996,\"longitude\":30.5058856,\"accuracy\":1027}','92.60.189.169','92.60.189.169'),(250,'2016-07-07 17:44:55','2016-07-08 12:04:17',1,0,NULL,'2016-07-07 14:44:55','2016-07-08 09:04:17','{\"latitude\":50.5154127,\"longitude\":30.502798799999994,\"accuracy\":20}','{\"latitude\":50.515422699999995,\"longitude\":30.5028415,\"accuracy\":30}','82.193.98.216','82.193.98.216'),(251,'2016-07-08 12:06:19','2016-07-08 12:13:48',2,0,NULL,'2016-07-08 09:06:19','2016-07-08 09:13:48','{\"latitude\":50.4613914,\"longitude\":30.509095900000002,\"accuracy\":24}','{\"latitude\":50.4613886,\"longitude\":30.509190799999995,\"accuracy\":20}','92.60.189.169','92.60.189.169'),(252,'2016-07-08 12:13:54','2016-07-08 19:28:33',2,0,NULL,'2016-07-08 09:13:54','2016-07-08 16:28:33','{\"latitude\":50.4613886,\"longitude\":30.509190799999995,\"accuracy\":20}','{\"latitude\":50.461381499999995,\"longitude\":30.509348300000003,\"accuracy\":30}','92.60.189.169','92.60.189.169'),(253,'2016-07-08 12:16:50','2016-07-08 20:40:11',1,0,NULL,'2016-07-08 09:16:50','2016-07-08 17:40:11','{\"latitude\":50.51546930000001,\"longitude\":30.502780899999998,\"accuracy\":32}','{\"latitude\":50.515460999999995,\"longitude\":30.502757299999995,\"accuracy\":20}','82.193.98.216','82.193.98.216'),(254,'2016-07-10 23:50:45','2016-07-11 00:04:59',1,0,'Json Numeric Push','2016-07-10 23:50:45','2016-07-11 00:04:59','{\"latitude\":50.5154535,\"longitude\":30.5027844,\"accuracy\":20}','{\"latitude\":50.515501799999996,\"longitude\":30.5028572,\"accuracy\":129}','82.193.98.216','82.193.98.216'),(255,'2016-07-12 02:37:46','2016-07-12 02:38:08',1,0,'testNotifications','2016-07-12 02:37:46','2016-07-12 02:38:08','{\"latitude\":50.5154716,\"longitude\":30.5027995,\"accuracy\":20}','{\"latitude\":50.5154716,\"longitude\":30.5027995,\"accuracy\":20}','82.193.98.216','82.193.98.216'),(256,'2016-07-12 02:39:48','2016-07-12 02:49:43',1,0,'testLocalStorage','2016-07-12 02:39:48','2016-07-12 02:49:43','{\"latitude\":50.515473,\"longitude\":30.502844599999996,\"accuracy\":20}','{\"latitude\":50.515473,\"longitude\":30.502844599999996,\"accuracy\":20}','82.193.98.216','82.193.98.216'),(257,'2016-07-14 14:26:06','2016-07-14 15:56:35',1,0,'Timer Spec','2016-07-14 14:26:06','2016-07-14 15:56:35','{\"latitude\":50.5154389,\"longitude\":30.502728899999997,\"accuracy\":20}','{\"latitude\":50.5154644,\"longitude\":30.502798499999994,\"accuracy\":29}','82.193.98.216','82.193.98.216'),(258,'2016-07-14 20:42:03','2016-07-14 20:47:06',1,0,'newBuild','2016-07-14 20:42:03','2016-07-14 20:47:06','{\"latitude\":50.515403899999995,\"longitude\":30.5028309,\"accuracy\":25}','{\"latitude\":50.5154457,\"longitude\":30.502868099999993,\"accuracy\":24}','82.193.98.216','82.193.98.216'),(259,'2016-07-15 13:12:17','2016-07-15 15:14:35',2,0,NULL,'2016-07-15 13:12:17','2016-07-15 15:14:35','{\"latitude\":50.461309,\"longitude\":30.5092656,\"accuracy\":25}','{\"latitude\":50.46133580000001,\"longitude\":30.509257199999993,\"accuracy\":23}','92.60.189.169','92.60.189.169'),(260,'2016-07-16 16:22:49','2016-07-16 16:48:12',1,0,'themes clean','2016-07-16 16:22:49','2016-07-16 16:48:12','{\"latitude\":50.515450099999995,\"longitude\":30.502800099999998,\"accuracy\":24}','{\"latitude\":50.5153989,\"longitude\":30.5027919,\"accuracy\":155}','82.193.98.216','82.193.98.216'),(261,'2016-07-16 16:52:57','2016-07-16 18:18:16',1,0,'Бабочки','2016-07-16 16:52:57','2016-07-16 18:18:16','{\"latitude\":50.5154321,\"longitude\":30.502819999999996,\"accuracy\":20}','{\"latitude\":50.5154323,\"longitude\":30.5028117,\"accuracy\":25}','82.193.98.216','82.193.98.216'),(262,'2016-07-16 18:23:07','2016-07-16 19:36:09',1,0,'Бабочки','2016-07-16 18:23:07','2016-07-16 19:36:09','{\"latitude\":50.5154164,\"longitude\":30.5028128,\"accuracy\":27}','{\"latitude\":50.515428500000006,\"longitude\":30.502797799999996,\"accuracy\":26}','82.193.98.216','82.193.98.216'),(263,'2016-07-19 14:32:26','2016-07-19 16:21:09',2,0,NULL,'2016-07-19 14:32:26','2016-07-19 16:21:09','{\"latitude\":50.464216799999996,\"longitude\":30.5058856,\"accuracy\":1027}','{\"latitude\":50.464216799999996,\"longitude\":30.5058856,\"accuracy\":1027}','92.60.189.169','92.60.189.169'),(264,'2016-07-26 10:44:36','2016-07-26 14:58:44',2,0,NULL,'2016-07-26 10:44:36','2016-07-26 14:58:44','{\"latitude\":50.461342,\"longitude\":30.509148099999997,\"accuracy\":24}','{\"latitude\":50.461367599999996,\"longitude\":30.509146299999998,\"accuracy\":29}','92.60.189.169','92.60.189.169'),(265,'2016-07-29 14:32:53','2016-07-29 20:35:15',2,0,NULL,'2016-07-29 14:32:53','2016-07-29 20:35:15','{\"latitude\":50.4613801,\"longitude\":30.509087800000003,\"accuracy\":33}','{}','92.60.189.169','92.60.189.169');
/*!40000 ALTER TABLE `times` ENABLE KEYS */;
UNLOCK TABLES;

--
-- Table structure for table `users`
--

DROP TABLE IF EXISTS `users`;
/*!40101 SET @saved_cs_client     = @@character_set_client */;
/*!40101 SET character_set_client = utf8 */;
CREATE TABLE `users` (
  `id` int(10) unsigned NOT NULL AUTO_INCREMENT,
  `name` varchar(255) COLLATE utf8_unicode_ci NOT NULL,
  `email` varchar(255) COLLATE utf8_unicode_ci NOT NULL,
  `password` varchar(255) COLLATE utf8_unicode_ci NOT NULL,
  `remember_token` varchar(100) COLLATE utf8_unicode_ci DEFAULT NULL,
  `group_id` int(11) NOT NULL,
  `is_super_admin` tinyint(1) NOT NULL DEFAULT '0',
  `created_at` timestamp NULL DEFAULT NULL,
  `updated_at` timestamp NULL DEFAULT NULL,
  PRIMARY KEY (`id`),
  UNIQUE KEY `users_email_unique` (`email`)
) ENGINE=InnoDB AUTO_INCREMENT=9 DEFAULT CHARSET=utf8 COLLATE=utf8_unicode_ci;
/*!40101 SET character_set_client = @saved_cs_client */;

--
-- Dumping data for table `users`
--

LOCK TABLES `users` WRITE;
/*!40000 ALTER TABLE `users` DISABLE KEYS */;
INSERT INTO `users` VALUES (1,'Jonn Smith','epushkaroff@whiteowl.io','$2y$10$EQOjkqktUd7piNUTTxZdm.NFTW1ORSncsv4fDp.pmj3Q4RhNQOGTO','C8z074jxBA',3,1,'2016-06-16 06:49:32','2016-07-13 23:42:12'),(2,'Stefan','edobrovolskiy@whiteowl.io','$2y$10$LjJ08OsMgCUTFliaTADiNu6OYYShbIWdyhcYUxsIDCm0wiM5ueSN2',NULL,3,0,'2016-06-16 12:23:20','2016-07-13 23:43:57'),(3,'Kamilla','iamkamilla@gmail.com','$2y$10$Iy26k30SBui2DLidoGhUcOL9RQ8AHqoSse/Dmem.JZFX0ubN7OFb.',NULL,2,0,'2016-06-16 12:25:01','2016-06-16 12:25:01'),(4,'Igor','krivich.igor@gmail.com','$2y$10$F2OxIfftB/RRRuJufw7WEu4pFoToYz21XkwuCr.hWuLkY/eQuIOmC',NULL,2,0,'2016-06-16 12:26:08','2016-06-16 12:26:18'),(5,'Митяй','velesich@gmail.com','$2y$10$SFqDrqoVYknCJxD6pcTHpuiPuKwsQK5juSGmIErHyirT.JwKMcNS6',NULL,1,0,'2016-06-16 12:27:46','2016-06-16 12:39:51'),(6,'Ваня','ignatov@iskra.ua','$2y$10$W2sbd9D84l4.SMvU.tcdaO.cIab0xbqjm7nr6mIVziVHZyzXhiUyK',NULL,1,0,'2016-06-16 12:28:33','2016-06-16 12:37:03'),(7,'Eugene','evgeniy.chystiakov@iskra.ua','$2y$10$6rDqd9uBo/EncZJdHawXH.Ij1.Mo6sxQ8nGQeIxPccAHVJUkiiWf.',NULL,1,0,'2016-06-29 08:08:49','2016-06-29 09:25:25'),(8,'Дмитрий Ганжело','kronas.sw@gmail.com','$2y$10$N.ucwtYROoipRYx12k30y.0RZhOr2UKt4l/l1H9tmzneJbvPQcJN.',NULL,3,0,'2016-07-13 23:41:06','2016-07-13 23:41:06');
/*!40000 ALTER TABLE `users` ENABLE KEYS */;
UNLOCK TABLES;
/*!40103 SET TIME_ZONE=@OLD_TIME_ZONE */;

/*!40101 SET SQL_MODE=@OLD_SQL_MODE */;
/*!40014 SET FOREIGN_KEY_CHECKS=@OLD_FOREIGN_KEY_CHECKS */;
/*!40014 SET UNIQUE_CHECKS=@OLD_UNIQUE_CHECKS */;
/*!40101 SET CHARACTER_SET_CLIENT=@OLD_CHARACTER_SET_CLIENT */;
/*!40101 SET CHARACTER_SET_RESULTS=@OLD_CHARACTER_SET_RESULTS */;
/*!40101 SET COLLATION_CONNECTION=@OLD_COLLATION_CONNECTION */;
/*!40111 SET SQL_NOTES=@OLD_SQL_NOTES */;

-- Dump completed on 2016-07-31 11:16:14
